dataset,model,metrik,total (V2-P-C),kebocoran (V2b-P-C),komposisi uji (V2-V2b),porsi_kebocoran_%
HCV,DT,average_precision,0.275,0.057,0.218,20.635
HCV,DT,balanced_accuracy,0.064,0.046,0.018,71.545
HCV,DT,f1,0.23,0.038,0.192,16.634
HCV,DT,roc_auc,0.065,0.041,0.024,63.048
HCV,GB,average_precision,0.077,0.055,0.022,71.68
HCV,GB,balanced_accuracy,0.059,0.05,0.009,85.215
HCV,GB,f1,0.161,0.06,0.101,37.321
HCV,GB,roc_auc,0.022,0.02,0.002,91.027
HCV,KNN,average_precision,0.244,0.156,0.089,63.69
HCV,KNN,balanced_accuracy,0.101,0.096,0.005,94.991
HCV,KNN,f1,0.284,0.134,0.15,47.334
HCV,KNN,roc_auc,0.066,0.066,0.0,99.586
HCV,NB,average_precision,0.222,0.031,0.191,14.147
HCV,NB,balanced_accuracy,0.01,0.027,-0.017,
HCV,NB,f1,0.116,0.04,0.076,34.205
HCV,NB,roc_auc,0.026,0.03,-0.004,116.134
HCV,RF,average_precision,0.091,0.081,0.01,89.038
HCV,RF,balanced_accuracy,0.07,0.069,0.001,98.599
HCV,RF,f1,0.159,0.075,0.084,47.073
HCV,RF,roc_auc,0.023,0.023,0.0,98.742
HCV,XGB,average_precision,0.078,0.055,0.023,70.256
HCV,XGB,balanced_accuracy,0.059,0.058,0.001,98.005
HCV,XGB,f1,0.151,0.06,0.092,39.503
HCV,XGB,roc_auc,0.021,0.02,0.001,93.506
Hepatitis,DT,average_precision,0.396,0.062,0.333,15.727
Hepatitis,DT,balanced_accuracy,0.151,0.059,0.092,39.319
Hepatitis,DT,f1,0.363,0.087,0.276,23.889
Hepatitis,DT,roc_auc,0.153,0.074,0.08,48.059
Hepatitis,GB,average_precision,0.335,0.083,0.252,24.739
Hepatitis,GB,balanced_accuracy,0.15,0.055,0.095,36.794
Hepatitis,GB,f1,0.33,0.078,0.251,23.675
Hepatitis,GB,roc_auc,0.132,0.057,0.076,42.865
Hepatitis,KNN,average_precision,0.26,0.063,0.198,24.137
Hepatitis,KNN,balanced_accuracy,0.067,0.037,0.031,54.345
Hepatitis,KNN,f1,0.271,0.04,0.231,14.693
Hepatitis,KNN,roc_auc,0.063,0.06,0.003,95.229
Hepatitis,NB,average_precision,0.146,0.015,0.131,10.471
Hepatitis,NB,balanced_accuracy,0.005,0.001,0.004,
Hepatitis,NB,f1,0.156,-0.02,0.176,-12.766
Hepatitis,NB,roc_auc,0.02,0.013,0.006,
Hepatitis,RF,average_precision,0.323,0.076,0.246,23.609
Hepatitis,RF,balanced_accuracy,0.154,0.062,0.092,40.003
Hepatitis,RF,f1,0.328,0.082,0.245,25.161
Hepatitis,RF,roc_auc,0.1,0.036,0.064,36.325
Hepatitis,XGB,average_precision,0.355,0.059,0.296,16.656
Hepatitis,XGB,balanced_accuracy,0.161,0.05,0.111,30.948
Hepatitis,XGB,f1,0.338,0.067,0.271,19.878
Hepatitis,XGB,roc_auc,0.139,0.046,0.093,33.306
