dataset,model,config,skenario,metrik,selisih_rata2,ci95_low,ci95_high,t,p_value,uji,p_holm,p_bh,kesimpulan_holm
HCV,DT,utama,V1,accuracy,0.0004878048780487765,-0.006245050993927056,0.0072206607500246095,0.1455965523144602,0.8848371843389513,corrected resampled t-test (berpasangan),1.0,0.9526646752479634,tidak berbeda
HCV,DT,utama,V1,balanced_accuracy,0.0008518518518518503,-0.012213453929589568,0.013917157633293268,0.1310233693394958,0.8962932925546974,corrected resampled t-test (berpasangan),1.0,0.9971253924492401,tidak berbeda
HCV,DT,utama,V1,recall,0.001333333333333333,-0.020859437283758744,0.023526103950425408,0.12073452622098511,0.9043950379211323,corrected resampled t-test (berpasangan),1.0,0.9461611727988327,tidak berbeda
HCV,DT,utama,V1,f1,0.0020632768991902116,-0.021544400710897648,0.02567095450927807,0.17563397073562909,0.8613053266429325,corrected resampled t-test (berpasangan),1.0,0.9345085586504047,tidak berbeda
HCV,DT,utama,V1,average_precision,0.010553932095296963,-0.03896050509845424,0.06006836928904816,0.42833811242160663,0.6702820091443229,corrected resampled t-test (berpasangan),1.0,0.9586608274504322,tidak berbeda
HCV,DT,utama,V1,roc_auc,0.003845679012345682,-0.018262472450749162,0.025953830475440524,0.34956252746438177,0.7281649779344073,corrected resampled t-test (berpasangan),1.0,0.9749038179461723,tidak berbeda
HCV,DT,utama,V2,accuracy,0.020844625112917625,,,,,deskriptif (tidak berpasangan),,,deskriptif
HCV,DT,utama,V2,balanced_accuracy,0.06364814814814812,,,,,deskriptif (tidak berpasangan),,,deskriptif
HCV,DT,utama,V2,recall,0.13914814814814813,,,,,deskriptif (tidak berpasangan),,,deskriptif
HCV,DT,utama,V2,f1,0.23034746704632625,,,,,deskriptif (tidak berpasangan),,,deskriptif
HCV,DT,utama,V2,average_precision,0.27457324860691545,,,,,deskriptif (tidak berpasangan),,,deskriptif
HCV,DT,utama,V2,roc_auc,0.06489266117969827,,,,,deskriptif (tidak berpasangan),,,deskriptif
HCV,DT,utama,V2b,accuracy,0.0053658536585365875,-0.03140407041285987,0.04213577772993305,0.2932583326294293,0.7705631495732649,corrected resampled t-test (berpasangan),1.0,0.9526646752479634,tidak berbeda
HCV,DT,utama,V2b,balanced_accuracy,0.045537037037037036,-0.018629049427694062,0.10970312350176814,1.4261443532471945,0.16016704297161793,corrected resampled t-test (berpasangan),1.0,0.5902087409309393,tidak berbeda
HCV,DT,utama,V2b,recall,0.09866666666666665,-0.03269531132625264,0.23002864465958595,1.509402437694893,0.13761777027119784,corrected resampled t-test (berpasangan),1.0,0.5204147421016706,tidak berbeda
HCV,DT,utama,V2b,f1,0.03831662479493342,-0.06534972329534328,0.1419829728852101,0.7427689088657645,0.46116784238874364,corrected resampled t-test (berpasangan),1.0,0.8513867859484497,tidak berbeda
HCV,DT,utama,V2b,average_precision,0.05665797343699894,-0.08380362450843523,0.1971195713824331,0.8106020572225847,0.42151390187617155,corrected resampled t-test (berpasangan),1.0,0.8015592622812802,tidak berbeda
HCV,DT,utama,V2b,roc_auc,0.040913580246913564,-0.023436875002588287,0.10526403549641541,1.2776742184604957,0.2073846041855727,corrected resampled t-test (berpasangan),1.0,0.47402195242416617,tidak berbeda
HCV,DT,utama,V3,accuracy,0.015121951219512198,-0.014782919763439841,0.045026822202464234,1.01617889223496,0.31453566872182676,corrected resampled t-test (berpasangan),1.0,0.9375397528475057,tidak berbeda
HCV,DT,utama,V3,balanced_accuracy,0.017796296296296296,-0.029472795231607493,0.06506538782420009,0.7565831105841654,0.45292215027655736,corrected resampled t-test (berpasangan),1.0,0.8051949338249907,tidak berbeda
HCV,DT,utama,V3,recall,0.02133333333333333,-0.07242262469300678,0.11508929135967344,0.45726094893857816,0.6495044498554436,corrected resampled t-test (berpasangan),1.0,0.9461611727988327,tidak berbeda
HCV,DT,utama,V3,f1,0.043837910745395996,-0.04017234384032637,0.12784816533111837,1.0486288870343228,0.29949380812982657,corrected resampled t-test (berpasangan),1.0,0.7579483988206136,tidak berbeda
HCV,DT,utama,V3,average_precision,0.035042306944970604,-0.11481126866774347,0.18489588255768466,0.4699264058802175,0.6404923577213206,corrected resampled t-test (berpasangan),1.0,0.9586608274504322,tidak berbeda
HCV,DT,utama,V3,roc_auc,0.019796296296296298,-0.0421653847395383,0.08175797733213089,0.6420443426743069,0.5238369132288602,corrected resampled t-test (berpasangan),1.0,0.8842382045668878,tidak berbeda
HCV,DT,utama,V4,accuracy,0.018992773261065743,,,,,deskriptif (tidak berpasangan),,,deskriptif
HCV,DT,utama,V4,balanced_accuracy,0.06179629629629624,,,,,deskriptif (tidak berpasangan),,,deskriptif
HCV,DT,utama,V4,recall,0.13988888888888895,,,,,deskriptif (tidak berpasangan),,,deskriptif
HCV,DT,utama,V4,f1,0.22870503601015924,,,,,deskriptif (tidak berpasangan),,,deskriptif
HCV,DT,utama,V4,average_precision,0.27455793593748756,,,,,deskriptif (tidak berpasangan),,,deskriptif
HCV,DT,utama,V4,roc_auc,0.06492781207133047,,,,,deskriptif (tidak berpasangan),,,deskriptif
HCV,DT,utama,V4b,accuracy,-0.00520325203252032,-0.03809449181168507,0.02768798774664443,-0.31790612009651664,0.7519070509294229,corrected resampled t-test (berpasangan),1.0,0.9526646752479634,tidak berbeda
HCV,DT,utama,V4b,balanced_accuracy,0.04181481481481481,-0.021844622386609995,0.10547425201623961,1.319993075350713,0.19297089694788655,corrected resampled t-test (berpasangan),1.0,0.5902087409309393,tidak berbeda
HCV,DT,utama,V4b,recall,0.10400000000000001,-0.02954228477709797,0.237542284777098,1.5650160901149999,0.12401518271173467,corrected resampled t-test (berpasangan),1.0,0.5202355726000387,tidak berbeda
HCV,DT,utama,V4b,f1,0.013242426398041858,-0.07905415173311975,0.10553900452920348,0.28832761379553573,0.7743121335022667,corrected resampled t-test (berpasangan),1.0,0.9345085586504047,tidak berbeda
HCV,DT,utama,V4b,average_precision,0.07685984583079263,-0.06952860552547245,0.2232482971870577,1.0551081132235038,0.29655064909187295,corrected resampled t-test (berpasangan),1.0,0.710226872155022,tidak berbeda
HCV,DT,utama,V4b,roc_auc,0.04251234567901234,-0.023672067536892535,0.10869675889491721,1.2908138470291264,0.20282550367865027,corrected resampled t-test (berpasangan),1.0,0.47402195242416617,tidak berbeda
HCV,GB,utama,V1,accuracy,0.00048780487804877425,-0.006460074801894749,0.007435684557992297,0.1410906128699416,0.8883768113532786,corrected resampled t-test (berpasangan),1.0,0.9526646752479634,tidak berbeda
HCV,GB,utama,V1,balanced_accuracy,0.002000000000000004,-0.018143504664977723,0.022143504664977734,0.1995258787298456,0.8426771050140998,corrected resampled t-test (berpasangan),1.0,0.9971253924492401,tidak berbeda
HCV,GB,utama,V1,recall,0.004000000000000001,-0.03678588108649716,0.04478588108649717,0.19708538160324426,0.844575963076337,corrected resampled t-test (berpasangan),1.0,0.9461611727988327,tidak berbeda
HCV,GB,utama,V1,f1,0.0023657842672434024,-0.025818566602099635,0.030550135136586443,0.16868302185266398,0.8667403619437107,corrected resampled t-test (berpasangan),1.0,0.9345085586504047,tidak berbeda
HCV,GB,utama,V1,average_precision,-0.0007724448235770431,-0.00841083606054141,0.006865946413387323,-0.20322158676003066,0.8398034129503196,corrected resampled t-test (berpasangan),1.0,0.9586608274504322,tidak berbeda
HCV,GB,utama,V1,roc_auc,6.172839506173754e-05,-0.004840700779601202,0.004964157569724677,0.02530334443625338,0.9799157754988438,corrected resampled t-test (berpasangan),1.0,0.9995549423256764,tidak berbeda
HCV,GB,utama,V2,accuracy,0.02303974706413736,,,,,deskriptif (tidak berpasangan),,,deskriptif
HCV,GB,utama,V2,balanced_accuracy,0.05887037037037024,,,,,deskriptif (tidak berpasangan),,,deskriptif
HCV,GB,utama,V2,recall,0.11237037037037023,,,,,deskriptif (tidak berpasangan),,,deskriptif
HCV,GB,utama,V2,f1,0.16059081452577395,,,,,deskriptif (tidak berpasangan),,,deskriptif
HCV,GB,utama,V2,average_precision,0.0771792005735159,,,,,deskriptif (tidak berpasangan),,,deskriptif
HCV,GB,utama,V2,roc_auc,0.022419067215363353,,,,,deskriptif (tidak berpasangan),,,deskriptif
HCV,GB,utama,V2b,accuracy,0.013495934959349592,-0.010369089888874515,0.0373609598075737,1.136436975577013,0.2613012231569968,corrected resampled t-test (berpasangan),1.0,0.9375397528475057,tidak berbeda
HCV,GB,utama,V2b,balanced_accuracy,0.05016666666666666,-0.005452869065787708,0.10578620239912102,1.8125590155076243,0.07602877872660621,corrected resampled t-test (berpasangan),1.0,0.45617267235963727,tidak berbeda
HCV,GB,utama,V2b,recall,0.09866666666666665,-0.006804683799802258,0.20413801713313556,1.8799236847353267,0.06607060436878721,corrected resampled t-test (berpasangan),1.0,0.4341782572806017,tidak berbeda
HCV,GB,utama,V2b,f1,0.05993353789882182,-0.030465724073683906,0.15033279987132753,1.3323223093726582,0.1889176444020528,corrected resampled t-test (berpasangan),1.0,0.7539414422039203,tidak berbeda
HCV,GB,utama,V2b,average_precision,0.05532212445248905,0.0027639852421676783,0.10788026366281042,2.1152569875841327,0.03951645614678722,corrected resampled t-test (berpasangan),1.0,0.237384742465737,tidak berbeda
HCV,GB,utama,V2b,roc_auc,0.020407407407407395,-0.0017785041237802258,0.04259331893859501,1.8484803055492145,0.07057186934865622,corrected resampled t-test (berpasangan),1.0,0.24196069490967848,tidak berbeda
HCV,GB,utama,V3,accuracy,0.006341463414634141,-0.01022445602123661,0.022907382850504893,0.7692689728330977,0.445426109246403,corrected resampled t-test (berpasangan),1.0,0.9526646752479634,tidak berbeda
HCV,GB,utama,V3,balanced_accuracy,0.017388888888888898,-0.025333306307310385,0.06011108408508818,0.8179420628063717,0.4173500983186146,corrected resampled t-test (berpasangan),1.0,0.7704924892035963,tidak berbeda
HCV,GB,utama,V3,recall,0.032,-0.05029600037316691,0.11429600037316691,0.7814038010603267,0.43832434602646153,corrected resampled t-test (berpasangan),1.0,0.7467748117487863,tidak berbeda
HCV,GB,utama,V3,f1,0.0258087889723479,-0.03987244575396978,0.09149002369866557,0.7896426333502982,0.43354114228167373,corrected resampled t-test (berpasangan),1.0,0.8513867859484497,tidak berbeda
HCV,GB,utama,V3,average_precision,0.017741713594131743,-0.021928979652312497,0.05741240684057598,0.8987316665902569,0.37319089370809133,corrected resampled t-test (berpasangan),1.0,0.7788331694777559,tidak berbeda
HCV,GB,utama,V3,roc_auc,0.005320987654320979,-0.014285654515830727,0.024927629824472684,0.5453725793713269,0.5879714116416972,corrected resampled t-test (berpasangan),1.0,0.9077286854138299,tidak berbeda
HCV,GB,utama,V4,accuracy,0.023317524841915183,,,,,deskriptif (tidak berpasangan),,,deskriptif
HCV,GB,utama,V4,balanced_accuracy,0.05914814814814806,,,,,deskriptif (tidak berpasangan),,,deskriptif
HCV,GB,utama,V4,recall,0.1118148148148147,,,,,deskriptif (tidak berpasangan),,,deskriptif
HCV,GB,utama,V4,f1,0.16083413692791315,,,,,deskriptif (tidak berpasangan),,,deskriptif
HCV,GB,utama,V4,average_precision,0.07753117268716236,,,,,deskriptif (tidak berpasangan),,,deskriptif
HCV,GB,utama,V4,roc_auc,0.02271913580246898,,,,,deskriptif (tidak berpasangan),,,deskriptif
HCV,GB,utama,V4b,accuracy,0.01430894308943089,-0.009552999975073417,0.0381708861539352,1.20505264749416,0.23397073660920642,corrected resampled t-test (berpasangan),1.0,0.9375397528475057,tidak berbeda
HCV,GB,utama,V4b,balanced_accuracy,0.050629629629629615,-0.007576971566185968,0.10883623082544519,1.7479812898331368,0.08673108018050037,corrected resampled t-test (berpasangan),1.0,0.46256576096266866,tidak berbeda
HCV,GB,utama,V4b,recall,0.09866666666666665,-0.01228827330153888,0.20962160663487217,1.7870145291390578,0.08012165922561915,corrected resampled t-test (berpasangan),1.0,0.4606995405473101,tidak berbeda
HCV,GB,utama,V4b,f1,0.0622605239758079,-0.029484962891836768,0.15400601084345256,1.36374236313775,0.17888115009744934,corrected resampled t-test (berpasangan),1.0,0.7539414422039203,tidak berbeda
HCV,GB,utama,V4b,average_precision,0.05661221742625075,0.0028148761855819257,0.11040955866691957,2.1147236552149273,0.0395641237442895,corrected resampled t-test (berpasangan),1.0,0.237384742465737,tidak berbeda
HCV,GB,utama,V4b,roc_auc,0.02069135802469135,-0.0014236718494137594,0.042806387898796455,1.8802073020510388,0.06603113920893731,corrected resampled t-test (berpasangan),1.0,0.24196069490967848,tidak berbeda
HCV,KNN,utama,V1,accuracy,2.220446049250313e-18,-0.0029706988340317763,0.0029706988340317806,1.5020551188074767e-15,0.9999999999999989,corrected resampled t-test (berpasangan),1.0,0.9999999999999988,tidak berbeda
HCV,KNN,utama,V1,balanced_accuracy,0.0,-0.0016916479471569704,0.0016916479471569704,0.0,1.0,corrected resampled t-test (berpasangan),1.0,1.0,tidak berbeda
HCV,KNN,utama,V1,recall,0.0,0.0,0.0,,,corrected resampled t-test (berpasangan),,,tidak berbeda
HCV,KNN,utama,V1,f1,0.00011316910161583093,-0.006198983298071298,0.0064253215013029595,0.036029203592714124,0.9714054529694702,corrected resampled t-test (berpasangan),1.0,0.9714054529694702,tidak berbeda
HCV,KNN,utama,V1,average_precision,0.0015480855423771268,-0.012887791698605386,0.01598396278335964,0.21550435175494279,0.8302686516390256,corrected resampled t-test (berpasangan),1.0,0.9586608274504322,tidak berbeda
HCV,KNN,utama,V1,roc_auc,0.0001851851851851838,-0.0018132200145409701,0.0021835903849113376,0.18622027304244354,0.8530408407029009,corrected resampled t-test (berpasangan),1.0,0.9749038179461723,tidak berbeda
HCV,KNN,utama,V2,accuracy,0.05285004516711822,,,,,deskriptif (tidak berpasangan),,,deskriptif
HCV,KNN,utama,V2,balanced_accuracy,0.10129629629629622,,,,,deskriptif (tidak berpasangan),,,deskriptif
HCV,KNN,utama,V2,recall,0.17481481481481487,,,,,deskriptif (tidak berpasangan),,,deskriptif
HCV,KNN,utama,V2,f1,0.2839846506608015,,,,,deskriptif (tidak berpasangan),,,deskriptif
HCV,KNN,utama,V2,average_precision,0.2443363839574333,,,,,deskriptif (tidak berpasangan),,,deskriptif
HCV,KNN,utama,V2,roc_auc,0.06595799039780537,,,,,deskriptif (tidak berpasangan),,,deskriptif
HCV,KNN,utama,V2b,accuracy,0.03691056910569107,0.0028138995321455237,0.07100723867923661,2.175419666888781,0.03445187138757707,corrected resampled t-test (berpasangan),1.0,0.8268449133018496,tidak berbeda
HCV,KNN,utama,V2b,balanced_accuracy,0.09622222222222222,0.0369656385888494,0.15547880585559504,3.2631951241345774,0.002010930050018173,corrected resampled t-test (berpasangan),0.09250278230083596,0.029480431795053157,tidak berbeda
HCV,KNN,utama,V2b,recall,0.17466666666666664,0.05964161188599364,0.2896917214473396,3.0515595779841576,0.0036703184577731077,corrected resampled t-test (berpasangan),0.15782369368424362,0.04220866226439074,tidak berbeda
HCV,KNN,utama,V2b,f1,0.13442207957952743,0.0343261878716109,0.23451797128744395,2.6987249674522995,0.009523020816871147,corrected resampled t-test (berpasangan),0.4475819783929439,0.22855249960490753,tidak berbeda
HCV,KNN,utama,V2b,average_precision,0.15561902273515468,0.044952843182633845,0.2662852022876755,2.825869071910655,0.006804997095737731,corrected resampled t-test (berpasangan),0.3062248693081979,0.08165996514885278,tidak berbeda
HCV,KNN,utama,V2b,roc_auc,0.06568518518518517,0.018390042608166728,0.1129803277622036,2.790969943816734,0.00746903593597489,corrected resampled t-test (berpasangan),0.35104468899081986,0.08503936040025836,tidak berbeda
HCV,KNN,utama,V3,accuracy,0.007317073170731716,-0.02134414132338374,0.035978287664847175,0.5130350996070618,0.6102321261748869,corrected resampled t-test (berpasangan),1.0,0.9526646752479634,tidak berbeda
HCV,KNN,utama,V3,balanced_accuracy,0.014500000000000013,-0.03070662776820298,0.059706627768203006,0.6445701070538368,0.5222121010727578,corrected resampled t-test (berpasangan),1.0,0.8952207446961563,tidak berbeda
HCV,KNN,utama,V3,recall,0.024,-0.06010282924729244,0.10810282924729245,0.5734623443633282,0.5689544686260504,corrected resampled t-test (berpasangan),1.0,0.8723968518932773,tidak berbeda
HCV,KNN,utama,V3,f1,0.02290649117404827,-0.05703425009316392,0.10284723244126046,0.5758305044801137,0.5673651482806262,corrected resampled t-test (berpasangan),1.0,0.9058820338994058,tidak berbeda
HCV,KNN,utama,V3,average_precision,0.026040359391691102,-0.05537295941778229,0.1074536782011645,0.6427702751340448,0.5233696508320966,corrected resampled t-test (berpasangan),1.0,0.8662670082738151,tidak berbeda
HCV,KNN,utama,V3,roc_auc,0.0049999999999999845,-0.03939281129247586,0.04939281129247583,0.22634016364151802,0.8218784056461749,corrected resampled t-test (berpasangan),1.0,0.9749038179461723,tidak berbeda
HCV,KNN,utama,V4,accuracy,0.05146115627822956,,,,,deskriptif (tidak berpasangan),,,deskriptif
HCV,KNN,utama,V4,balanced_accuracy,0.09990740740740756,,,,,deskriptif (tidak berpasangan),,,deskriptif
HCV,KNN,utama,V4,recall,0.1718518518518518,,,,,deskriptif (tidak berpasangan),,,deskriptif
HCV,KNN,utama,V4,f1,0.2825148884472919,,,,,deskriptif (tidak berpasangan),,,deskriptif
HCV,KNN,utama,V4,average_precision,0.24426706286264088,,,,,deskriptif (tidak berpasangan),,,deskriptif
HCV,KNN,utama,V4,roc_auc,0.06558247599451317,,,,,deskriptif (tidak berpasangan),,,deskriptif
HCV,KNN,utama,V4b,accuracy,0.04552845528455286,0.015330409076337662,0.07572650149276806,3.0297607856331012,0.00390021458173243,corrected resampled t-test (berpasangan),0.18721029992315663,0.18721029992315663,tidak berbeda
HCV,KNN,utama,V4b,balanced_accuracy,0.10916666666666665,0.05281430432167449,0.1655190290116588,3.892980181061875,0.0002994544005540013,corrected resampled t-test (berpasangan),0.014373811226592063,0.014373811226592063,lebih tinggi
HCV,KNN,utama,V4b,recall,0.19333333333333333,0.08236948024787291,0.3042971864187938,3.501301260408568,0.0009974321712263783,corrected resampled t-test (berpasangan),0.0458818798764134,0.0352120495556764,lebih tinggi
HCV,KNN,utama,V4b,f1,0.16000223536762248,0.06694938216677422,0.25305508856847075,3.4554182767902106,0.0011438917147478967,corrected resampled t-test (berpasangan),0.054906802307899044,0.054906802307899044,tidak berbeda
HCV,KNN,utama,V4b,average_precision,0.1746805640783943,0.05466031606309009,0.2947008120936985,2.9247876197838294,0.0052083785190971815,corrected resampled t-test (berpasangan),0.23958541187847035,0.08165996514885278,tidak berbeda
HCV,KNN,utama,V4b,roc_auc,0.06939506172839505,0.021389365305624457,0.11740075815116563,2.9049593660115085,0.005497392864388454,corrected resampled t-test (berpasangan),0.2638748574906458,0.08503936040025836,tidak berbeda
HCV,NB,utama,V1,accuracy,0.00016260162601626106,-0.0010379920140404326,0.0013631952660729547,0.2721655269759087,0.7866383272810354,corrected resampled t-test (berpasangan),1.0,0.9526646752479634,tidak berbeda
HCV,NB,utama,V1,balanced_accuracy,0.0006666666666666687,-0.004255767257565763,0.0055891005908991,0.27216552697590873,0.7866383272810354,corrected resampled t-test (berpasangan),1.0,0.9971253924492401,tidak berbeda
HCV,NB,utama,V1,recall,0.0013333333333333352,-0.008511534515131512,0.011178201181798183,0.27216552697590873,0.7866383272810354,corrected resampled t-test (berpasangan),1.0,0.9461611727988327,tidak berbeda
HCV,NB,utama,V1,f1,0.0008172043010752694,-0.005216746960887053,0.006851155563037591,0.2721655269759087,0.7866383272810354,corrected resampled t-test (berpasangan),1.0,0.9345085586504047,tidak berbeda
HCV,NB,utama,V1,average_precision,-0.00020475447690832427,-0.001533412178513307,0.0011239032246966583,-0.3096881352124907,0.7581113393641349,corrected resampled t-test (berpasangan),1.0,0.9586608274504322,tidak berbeda
HCV,NB,utama,V1,roc_auc,-0.000530864197530867,-0.0032964120722140944,0.0022346836771523606,-0.38575052487826234,0.7013511728949005,corrected resampled t-test (berpasangan),1.0,0.9749038179461723,tidak berbeda
HCV,NB,utama,V2,accuracy,-0.09825429087624193,,,,,deskriptif (tidak berpasangan),,,deskriptif
HCV,NB,utama,V2,balanced_accuracy,0.010203703703703715,,,,,deskriptif (tidak berpasangan),,,deskriptif
HCV,NB,utama,V2,recall,0.018185185185185082,,,,,deskriptif (tidak berpasangan),,,deskriptif
HCV,NB,utama,V2,f1,0.11582720088569076,,,,,deskriptif (tidak berpasangan),,,deskriptif
HCV,NB,utama,V2,average_precision,0.22234765223429842,,,,,deskriptif (tidak berpasangan),,,deskriptif
HCV,NB,utama,V2,roc_auc,0.026156550068587192,,,,,deskriptif (tidak berpasangan),,,deskriptif
HCV,NB,utama,V2b,accuracy,0.007317073170731701,-0.005885001225351871,0.020519147566815273,1.1137801978460216,0.270807216008143,corrected resampled t-test (berpasangan),1.0,0.9375397528475057,tidak berbeda
HCV,NB,utama,V2b,balanced_accuracy,0.027129629629629635,-0.013048700727683722,0.067307959986943,1.3569262669633229,0.18102295628038576,corrected resampled t-test (berpasangan),1.0,0.5902087409309393,tidak berbeda
HCV,NB,utama,V2b,recall,0.05333333333333333,-0.026225213129922667,0.13289187979658934,1.3471506281091268,0.18412891603790327,corrected resampled t-test (berpasangan),1.0,0.5204147421016706,tidak berbeda
HCV,NB,utama,V2b,f1,0.03961883221229193,-0.02225081498504034,0.10148847940962419,1.2868511077696616,0.20419247393022844,corrected resampled t-test (berpasangan),1.0,0.7539414422039203,tidak berbeda
HCV,NB,utama,V2b,average_precision,0.03145452422183233,-0.0052237825009001995,0.06813283094456485,1.7233683486718507,0.09112754820570754,corrected resampled t-test (berpasangan),1.0,0.3167444339893626,tidak berbeda
HCV,NB,utama,V2b,roc_auc,0.03037654320987656,0.00785668727427961,0.052896399145473505,2.71067226711107,0.009230449941572556,corrected resampled t-test (berpasangan),0.42460069731233757,0.08503936040025836,tidak berbeda
HCV,NB,utama,V3,accuracy,0.002764227642276431,-0.006568685028591663,0.012097140313144525,0.5951971917350561,0.5544506721476131,corrected resampled t-test (berpasangan),1.0,0.9526646752479634,tidak berbeda
HCV,NB,utama,V3,balanced_accuracy,0.015925925925925923,-0.009490111036760708,0.041341962888612555,1.2592185939151743,0.21391703214892135,corrected resampled t-test (berpasangan),1.0,0.6040010319498956,tidak berbeda
HCV,NB,utama,V3,recall,0.03333333333333333,-0.01589100590899084,0.0825576725756575,1.3608276348795434,0.17979464896571834,corrected resampled t-test (berpasangan),1.0,0.5204147421016706,tidak berbeda
HCV,NB,utama,V3,f1,0.01912842201771077,-0.02286325469031608,0.06112009872573762,0.9154195825264992,0.3644545933959674,corrected resampled t-test (berpasangan),1.0,0.7951736583184744,tidak berbeda
HCV,NB,utama,V3,average_precision,0.0053558793946591994,-0.018871274604531828,0.029583033393850225,0.44425534219898766,0.6588139134737636,corrected resampled t-test (berpasangan),1.0,0.9586608274504322,tidak berbeda
HCV,NB,utama,V3,roc_auc,-0.0017716049382716025,-0.019930822095168534,0.01638761221862533,-0.19605324274109637,0.8453793120054227,corrected resampled t-test (berpasangan),1.0,0.9749038179461723,tidak berbeda
HCV,NB,utama,V4,accuracy,-0.09806910569105676,,,,,deskriptif (tidak berpasangan),,,deskriptif
HCV,NB,utama,V4,balanced_accuracy,0.010388888888888892,,,,,deskriptif (tidak berpasangan),,,deskriptif
HCV,NB,utama,V4,recall,0.018555555555555547,,,,,deskriptif (tidak berpasangan),,,deskriptif
HCV,NB,utama,V4,f1,0.11610007268797418,,,,,deskriptif (tidak berpasangan),,,deskriptif
HCV,NB,utama,V4,average_precision,0.2223698868313414,,,,,deskriptif (tidak berpasangan),,,deskriptif
HCV,NB,utama,V4,roc_auc,0.026209705075445844,,,,,deskriptif (tidak berpasangan),,,deskriptif
HCV,NB,utama,V4b,accuracy,0.00747967479674796,-0.005898368621026547,0.020857718214522467,1.1235551241825967,0.2666764314857662,corrected resampled t-test (berpasangan),1.0,0.9375397528475057,tidak berbeda
HCV,NB,utama,V4b,balanced_accuracy,0.02722222222222223,-0.013063158070888335,0.0675076025153328,1.3579393618109898,0.18070337769428962,corrected resampled t-test (berpasangan),1.0,0.5902087409309393,tidak berbeda
HCV,NB,utama,V4b,recall,0.05333333333333333,-0.026225213129922667,0.13289187979658934,1.3471506281091268,0.18412891603790327,corrected resampled t-test (berpasangan),1.0,0.5204147421016706,tidak berbeda
HCV,NB,utama,V4b,f1,0.0400326253157402,-0.022359572574568748,0.10242482320604915,1.2894011611441067,0.20331202772760154,corrected resampled t-test (berpasangan),1.0,0.7539414422039203,tidak berbeda
HCV,NB,utama,V4b,average_precision,0.031840818120974716,-0.005436140484362022,0.06911777672631145,1.716516634826142,0.09238379324689742,corrected resampled t-test (berpasangan),1.0,0.3167444339893626,tidak berbeda
HCV,NB,utama,V4b,roc_auc,0.03094444444444446,0.007452629478202733,0.05443625941068618,2.647100247041121,0.010887768158686665,corrected resampled t-test (berpasangan),0.48994956714089993,0.08503936040025836,tidak berbeda
HCV,RF,utama,V1,accuracy,-0.0006504065040650398,-0.009861169901001107,0.008560356892871025,-0.14190363454071486,0.8877379728010564,corrected resampled t-test (berpasangan),1.0,0.9526646752479634,tidak berbeda
HCV,RF,utama,V1,balanced_accuracy,0.0013518518518518552,-0.011104023582686317,0.013807727286390029,0.21810173170542696,0.8282556237499628,corrected resampled t-test (berpasangan),1.0,0.9971253924492401,tidak berbeda
HCV,RF,utama,V1,recall,0.004000000000000001,-0.025534603545394503,0.033534603545394503,0.27216552697590873,0.7866383272810354,corrected resampled t-test (berpasangan),1.0,0.9461611727988327,tidak berbeda
HCV,RF,utama,V1,f1,-0.0009243978643569606,-0.02633198763068566,0.024483191901971738,-0.07311386369628424,0.9420131534352763,corrected resampled t-test (berpasangan),1.0,0.9714054529694702,tidak berbeda
HCV,RF,utama,V1,average_precision,0.0012007907370913263,-0.00641185579361018,0.008813437267792833,0.316982972653586,0.7526031798628733,corrected resampled t-test (berpasangan),1.0,0.9586608274504322,tidak berbeda
HCV,RF,utama,V1,roc_auc,-0.0005246913580246715,-0.0038173347201368025,0.0027679520040874597,-0.3202310857500585,0.7501547588433293,corrected resampled t-test (berpasangan),1.0,0.9749038179461723,tidak berbeda
HCV,RF,utama,V2,accuracy,0.022752935862692003,,,,,deskriptif (tidak berpasangan),,,deskriptif
HCV,RF,utama,V2,balanced_accuracy,0.07003703703703679,,,,,deskriptif (tidak berpasangan),,,deskriptif
HCV,RF,utama,V2,recall,0.13729629629629636,,,,,deskriptif (tidak berpasangan),,,deskriptif
HCV,RF,utama,V2,f1,0.15863037839735472,,,,,deskriptif (tidak berpasangan),,,deskriptif
HCV,RF,utama,V2,average_precision,0.09145813644041967,,,,,deskriptif (tidak berpasangan),,,deskriptif
HCV,RF,utama,V2,roc_auc,0.022961762688614717,,,,,deskriptif (tidak berpasangan),,,deskriptif
HCV,RF,utama,V2b,accuracy,0.016422764227642273,-0.0026368406778055943,0.035482369133090136,1.7315563694760494,0.08964489707537165,corrected resampled t-test (berpasangan),1.0,0.9375397528475057,tidak berbeda
HCV,RF,utama,V2b,balanced_accuracy,0.06905555555555554,0.028228229005505215,0.10988288210560586,3.39900615530671,0.0013521126814339767,corrected resampled t-test (berpasangan),0.06354929602739691,0.029480431795053157,tidak berbeda
HCV,RF,utama,V2b,recall,0.13866666666666666,0.05565274632294942,0.2216805870103839,3.356799655150771,0.0015309586763337566,corrected resampled t-test (berpasangan),0.06889314043501904,0.0352120495556764,tidak berbeda
HCV,RF,utama,V2b,f1,0.07467284260727008,0.006652164493616733,0.14269352072092345,2.2061040753188235,0.0320959629374015,corrected resampled t-test (berpasangan),1.0,0.4401885163214301,tidak berbeda
HCV,RF,utama,V2b,average_precision,0.08143268156040859,0.03542749842911092,0.12743786469170626,3.55710137431263,0.000843360849352014,corrected resampled t-test (berpasangan),0.04048132076889667,0.03634300879567956,lebih tinggi
HCV,RF,utama,V2b,roc_auc,0.022672839506172836,0.005395046956864043,0.03995063205548163,2.637071641942838,0.011172826419818626,corrected resampled t-test (berpasangan),0.49160436247201955,0.08503936040025836,tidak berbeda
HCV,RF,utama,V3,accuracy,0.007804878048780482,-0.008096918834109054,0.023706674931670016,0.9863344218611141,0.32881457005764547,corrected resampled t-test (berpasangan),1.0,0.9375397528475057,tidak berbeda
HCV,RF,utama,V3,balanced_accuracy,0.020518518518518523,-0.019157681562950554,0.060194718599987596,1.0392503964229503,0.3037894194820023,corrected resampled t-test (berpasangan),1.0,0.6779799038936827,tidak berbeda
HCV,RF,utama,V3,recall,0.03733333333333334,-0.04117406316259073,0.11584072982925742,0.9556315129045482,0.3439495461799018,corrected resampled t-test (berpasangan),1.0,0.6290554742969356,tidak berbeda
HCV,RF,utama,V3,f1,0.03199159494772956,-0.028982081540939807,0.09296527143639893,1.0543815072511533,0.2968797102039188,corrected resampled t-test (berpasangan),1.0,0.7579483988206136,tidak berbeda
HCV,RF,utama,V3,average_precision,0.024992785513275155,-0.011521539903310472,0.06150711092986078,1.3754843403341404,0.17523713697571663,corrected resampled t-test (berpasangan),1.0,0.4947872102843764,tidak berbeda
HCV,RF,utama,V3,roc_auc,0.007913580246913575,-0.007062610724057053,0.0228897712178842,1.0618811492966578,0.2934954157529191,corrected resampled t-test (berpasangan),1.0,0.5635111982456047,tidak berbeda
HCV,RF,utama,V4,accuracy,0.02266034327009936,,,,,deskriptif (tidak berpasangan),,,deskriptif
HCV,RF,utama,V4,balanced_accuracy,0.06994444444444425,,,,,deskriptif (tidak berpasangan),,,deskriptif
HCV,RF,utama,V4,recall,0.13729629629629636,,,,,deskriptif (tidak berpasangan),,,deskriptif
HCV,RF,utama,V4,f1,0.1585390658866873,,,,,deskriptif (tidak berpasangan),,,deskriptif
HCV,RF,utama,V4,average_precision,0.09145164135233019,,,,,deskriptif (tidak berpasangan),,,deskriptif
HCV,RF,utama,V4,roc_auc,0.022956618655692873,,,,,deskriptif (tidak berpasangan),,,deskriptif
HCV,RF,utama,V4b,accuracy,0.016910569105691053,-0.0027080423507790698,0.03652918056216117,1.7321848160007072,0.08953193269594314,corrected resampled t-test (berpasangan),1.0,0.9375397528475057,tidak berbeda
HCV,RF,utama,V4b,balanced_accuracy,0.07048148148148148,0.026130769378380207,0.11483219358458274,3.1935865955439935,0.002456702649587763,corrected resampled t-test (berpasangan),0.11055161923144935,0.029480431795053157,tidak berbeda
HCV,RF,utama,V4b,recall,0.14133333333333334,0.05167540484683804,0.23099126181982865,3.167817629394095,0.0026442101511314035,corrected resampled t-test (berpasangan),0.11634524664978176,0.04054455565068152,tidak berbeda
HCV,RF,utama,V4b,f1,0.07660466078908827,0.004937569124457031,0.1482717524537195,2.148026738528465,0.03668237636011917,corrected resampled t-test (berpasangan),1.0,0.4401885163214301,tidak berbeda
HCV,RF,utama,V4b,average_precision,0.08253828521601225,0.03318091303589229,0.1318956573961322,3.3605292693056388,0.001514292033153315,corrected resampled t-test (berpasangan),0.0711717255582058,0.03634300879567956,tidak berbeda
HCV,RF,utama,V4b,roc_auc,0.02283950617283949,0.005394346372690723,0.04028466597298826,2.63097079641026,0.011349565754677838,corrected resampled t-test (berpasangan),0.49160436247201955,0.08503936040025836,tidak berbeda
HCV,XGB,utama,V1,accuracy,6.661338147750939e-18,-0.005941397668063536,0.00594139766806355,2.2530826782112203e-15,0.9999999999999982,corrected resampled t-test (berpasangan),1.0,0.9999999999999988,tidak berbeda
HCV,XGB,utama,V1,balanced_accuracy,0.0034444444444444388,-0.01397437158519156,0.020863260474080436,0.3973789171636445,0.692813845361153,corrected resampled t-test (berpasangan),1.0,0.9778279730672222,tidak berbeda
HCV,XGB,utama,V1,recall,0.008,-0.030873937320380525,0.046873937320380525,0.41355733388717364,0.6810027844595744,corrected resampled t-test (berpasangan),1.0,0.9461611727988327,tidak berbeda
HCV,XGB,utama,V1,f1,0.0017814892826343498,-0.020154400336450582,0.023717378901719283,0.16320453854651001,0.8710286530074611,corrected resampled t-test (berpasangan),1.0,0.9345085586504047,tidak berbeda
HCV,XGB,utama,V1,average_precision,-0.00034062768125745044,-0.00827239140847566,0.007591136045960759,-0.08630072402276752,0.931579053560599,corrected resampled t-test (berpasangan),1.0,0.9586608274504322,tidak berbeda
HCV,XGB,utama,V1,roc_auc,-0.00033333333333334547,-0.003883460153965248,0.003216793487298557,-0.18868576964729286,0.8511184328094009,corrected resampled t-test (berpasangan),1.0,0.9749038179461723,tidak berbeda
HCV,XGB,utama,V2,accuracy,0.01995031616982834,,,,,deskriptif (tidak berpasangan),,,deskriptif
HCV,XGB,utama,V2,balanced_accuracy,0.059407407407407575,,,,,deskriptif (tidak berpasangan),,,deskriptif
HCV,XGB,utama,V2,recall,0.11788888888888893,,,,,deskriptif (tidak berpasangan),,,deskriptif
HCV,XGB,utama,V2,f1,0.15140175305013137,,,,,deskriptif (tidak berpasangan),,,deskriptif
HCV,XGB,utama,V2,average_precision,0.07828951552399843,,,,,deskriptif (tidak berpasangan),,,deskriptif
HCV,XGB,utama,V2,roc_auc,0.021164609053497818,,,,,deskriptif (tidak berpasangan),,,deskriptif
HCV,XGB,utama,V2b,accuracy,0.01252032520325204,-0.013161476465323214,0.038202126871827294,0.9797028954940216,0.3320453291334916,corrected resampled t-test (berpasangan),1.0,0.9375397528475057,tidak berbeda
HCV,XGB,utama,V2b,balanced_accuracy,0.0582222222222222,0.010722290134233828,0.10572215431021058,2.4632021716993586,0.01733030838785956,corrected resampled t-test (berpasangan),0.7625335690658206,0.16637096052345177,tidak berbeda
HCV,XGB,utama,V2b,recall,0.11866666666666664,0.02613174882626923,0.21120158450706406,2.577076849022847,0.013025555419627851,corrected resampled t-test (berpasangan),0.5470733276243698,0.11983510986057624,tidak berbeda
HCV,XGB,utama,V2b,f1,0.05980839327115204,-0.02654739065977204,0.1461641772020761,1.3917940462266851,0.17027065259501106,corrected resampled t-test (berpasangan),1.0,0.7539414422039203,tidak berbeda
HCV,XGB,utama,V2b,average_precision,0.05500270343149366,0.006267044727684579,0.10373836213530274,2.267991724860904,0.027773312629339554,corrected resampled t-test (berpasangan),1.0,0.22218650103471646,tidak berbeda
HCV,XGB,utama,V2b,roc_auc,0.01979012345679012,0.0017913237688816606,0.037788923144698575,2.2095774538213564,0.03183845790869582,corrected resampled t-test (berpasangan),1.0,0.14229211394840602,tidak berbeda
HCV,XGB,utama,V3,accuracy,0.005365853658536586,-0.015259298514281362,0.025991005831354535,0.5228124638178211,0.6034608637959951,corrected resampled t-test (berpasangan),1.0,0.9526646752479634,tidak berbeda
HCV,XGB,utama,V3,balanced_accuracy,0.01970370370370371,-0.022819197949350438,0.06222660535675786,0.931170579885212,0.35633066404545866,corrected resampled t-test (berpasangan),1.0,0.6841548749672807,tidak berbeda
HCV,XGB,utama,V3,recall,0.03866666666666667,-0.044644561126600604,0.12197789445993394,0.9326903202819236,0.3555530941678332,corrected resampled t-test (berpasangan),1.0,0.6290554742969356,tidak berbeda
HCV,XGB,utama,V3,f1,0.02388460057526393,-0.04930432026991653,0.09707352142044438,0.6558083005930507,0.515015128350859,corrected resampled t-test (berpasangan),1.0,0.8997550773965245,tidak berbeda
HCV,XGB,utama,V3,average_precision,0.01975748683999614,-0.018590487692774833,0.05810546137276711,1.0353651459602586,0.3055812754789722,corrected resampled t-test (berpasangan),1.0,0.710226872155022,tidak berbeda
HCV,XGB,utama,V3,roc_auc,0.005543209876543203,-0.0071930439671996,0.018279463720286007,0.8746290254688927,0.38604270217084957,corrected resampled t-test (berpasangan),1.0,0.6862981371926214,tidak berbeda
HCV,XGB,utama,V4,accuracy,0.021061427280939404,,,,,deskriptif (tidak berpasangan),,,deskriptif
HCV,XGB,utama,V4,balanced_accuracy,0.06051851851851864,,,,,deskriptif (tidak berpasangan),,,deskriptif
HCV,XGB,utama,V4,recall,0.11974074074074081,,,,,deskriptif (tidak berpasangan),,,deskriptif
HCV,XGB,utama,V4,f1,0.15251275151056398,,,,,deskriptif (tidak berpasangan),,,deskriptif
HCV,XGB,utama,V4,average_precision,0.07843903166129262,,,,,deskriptif (tidak berpasangan),,,deskriptif
HCV,XGB,utama,V4,roc_auc,0.02135665294924549,,,,,deskriptif (tidak berpasangan),,,deskriptif
HCV,XGB,utama,V4b,accuracy,0.013983739837398378,-0.011515864063962666,0.03948334373875942,1.1020319127888893,0.2758314755602182,corrected resampled t-test (berpasangan),1.0,0.9375397528475057,tidak berbeda
HCV,XGB,utama,V4b,balanced_accuracy,0.0602037037037037,0.009540239996698195,0.1108671674107092,2.3879905386484683,0.020840164917780783,corrected resampled t-test (berpasangan),0.8961270914645737,0.16672131934224624,tidak berbeda
HCV,XGB,utama,V4b,recall,0.12133333333333333,0.023196568252942862,0.2194700984137238,2.484578145458068,0.01643529029731324,corrected resampled t-test (berpasangan),0.6738469021898429,0.12600389227940154,tidak berbeda
HCV,XGB,utama,V4b,f1,0.0638291114950811,-0.024690670143611357,0.15234889313377353,1.4490478774960989,0.15369415849453216,corrected resampled t-test (berpasangan),1.0,0.7539414422039203,tidak berbeda
HCV,XGB,utama,V4b,average_precision,0.05883047363868238,0.008763096891075906,0.10889785038628885,2.3613033183972076,0.0222314721126426,corrected resampled t-test (berpasangan),0.9781847729562744,0.21342213228136897,tidak berbeda
HCV,XGB,utama,V4b,roc_auc,0.020629629629629616,0.002786643287949409,0.038472615971309826,2.323422324409213,0.024349313071794346,corrected resampled t-test (berpasangan),0.9739725228717738,0.12986300304956985,tidak berbeda
Hepatitis,DT,utama,V1,accuracy,-0.0045161290322580675,-0.03088137104254763,0.021849112978031493,-0.34422217916458475,0.7321521291344575,corrected resampled t-test (berpasangan),1.0,0.9526646752479634,tidak berbeda
Hepatitis,DT,utama,V1,balanced_accuracy,0.002504761904761904,-0.045454339939342704,0.050463863748866515,0.10495416508139396,0.9168406324036671,corrected resampled t-test (berpasangan),1.0,0.9971253924492401,tidak berbeda
Hepatitis,DT,utama,V1,recall,0.01380952380952381,-0.09263431086494446,0.12025335848399209,0.26071286451280556,0.795406522072138,corrected resampled t-test (berpasangan),1.0,0.9461611727988327,tidak berbeda
Hepatitis,DT,utama,V1,f1,0.00957720710661887,-0.08826233702089092,0.10741675123412867,0.19671103732814568,0.8448673088005866,corrected resampled t-test (berpasangan),1.0,0.9345085586504047,tidak berbeda
Hepatitis,DT,utama,V1,average_precision,-0.0026292936170048287,-0.07097105297900344,0.06571246574499379,-0.07731383251265099,0.9386887268785483,corrected resampled t-test (berpasangan),1.0,0.9586608274504322,tidak berbeda
Hepatitis,DT,utama,V1,roc_auc,0.010492857142857139,-0.05876091309411219,0.07974662737982646,0.3044770816255516,0.7620538672479289,corrected resampled t-test (berpasangan),1.0,0.9749038179461723,tidak berbeda
Hepatitis,DT,utama,V2,accuracy,0.059477024358130404,,,,,deskriptif (tidak berpasangan),,,deskriptif
Hepatitis,DT,utama,V2,balanced_accuracy,0.15089523809523808,,,,,deskriptif (tidak berpasangan),,,deskriptif
Hepatitis,DT,utama,V2,recall,0.30399047619047614,,,,,deskriptif (tidak berpasangan),,,deskriptif
Hepatitis,DT,utama,V2,f1,0.3632655607935021,,,,,deskriptif (tidak berpasangan),,,deskriptif
Hepatitis,DT,utama,V2,average_precision,0.3955702169491998,,,,,deskriptif (tidak berpasangan),,,deskriptif
Hepatitis,DT,utama,V2,roc_auc,0.153413238095238,,,,,deskriptif (tidak berpasangan),,,deskriptif
Hepatitis,DT,utama,V2b,accuracy,0.009677419354838703,-0.060469061076269245,0.07982389978594666,0.2772413120334685,0.7827611174854595,corrected resampled t-test (berpasangan),1.0,0.9526646752479634,tidak berbeda
Hepatitis,DT,utama,V2b,balanced_accuracy,0.05933095238095239,-0.0641476930510992,0.182809597813004,0.9655921647523331,0.33898995194684134,corrected resampled t-test (berpasangan),1.0,0.6779799038936827,tidak berbeda
Hepatitis,DT,utama,V2b,recall,0.14476190476190479,-0.12716355689562311,0.4166873664194327,1.0698150034710288,0.28994432439431966,corrected resampled t-test (berpasangan),1.0,0.5810293878284535,tidak berbeda
Hepatitis,DT,utama,V2b,f1,0.08677971959241308,-0.09906436265218564,0.2726238018370118,0.9383692676278355,0.35265725471284115,corrected resampled t-test (berpasangan),1.0,0.7951736583184744,tidak berbeda
Hepatitis,DT,utama,V2b,average_precision,0.06221172792025142,-0.12372954196506902,0.24815299780557187,0.6723582548426384,0.5045139524833395,corrected resampled t-test (berpasangan),1.0,0.8648810614000106,tidak berbeda
Hepatitis,DT,utama,V2b,roc_auc,0.07372857142857142,-0.05027522907568607,0.19773237193282892,1.1948271796076027,0.23790591675347175,corrected resampled t-test (berpasangan),1.0,0.4758118335069435,tidak berbeda
Hepatitis,DT,utama,V3,accuracy,-0.008387096774193551,-0.06101648445433713,0.04424229090595003,-0.3202488706332164,0.7501413597480677,corrected resampled t-test (berpasangan),1.0,0.9526646752479634,tidak berbeda
Hepatitis,DT,utama,V3,balanced_accuracy,-0.01058809523809524,-0.10086730688141814,0.07969111640522765,-0.23568630677628455,0.8146584131279478,corrected resampled t-test (berpasangan),1.0,0.9971253924492401,tidak berbeda
Hepatitis,DT,utama,V3,recall,-0.013809523809523813,-0.23407864760628705,0.20645959998723945,-0.12598804848070097,0.900256918325608,corrected resampled t-test (berpasangan),1.0,0.9461611727988327,tidak berbeda
Hepatitis,DT,utama,V3,f1,-0.01856269444349939,-0.16414855679770257,0.12702316791070378,-0.2562277025793216,0.7988477172121317,corrected resampled t-test (berpasangan),1.0,0.9345085586504047,tidak berbeda
Hepatitis,DT,utama,V3,average_precision,-0.008396528544230635,-0.1171357396588137,0.10034268257035243,-0.15517360890532253,0.8773219101409242,corrected resampled t-test (berpasangan),1.0,0.9586608274504322,tidak berbeda
Hepatitis,DT,utama,V3,roc_auc,0.002347619047619072,-0.08902620991812639,0.09372144801336453,0.05163094456596565,0.9590326714601668,corrected resampled t-test (berpasangan),1.0,0.9995549423256764,tidak berbeda
Hepatitis,DT,utama,V4,accuracy,0.06230151415404883,,,,,deskriptif (tidak berpasangan),,,deskriptif
Hepatitis,DT,utama,V4,balanced_accuracy,0.15366190476190478,,,,,deskriptif (tidak berpasangan),,,deskriptif
Hepatitis,DT,utama,V4,recall,0.29089047619047614,,,,,deskriptif (tidak berpasangan),,,deskriptif
Hepatitis,DT,utama,V4,f1,0.36273056720806435,,,,,deskriptif (tidak berpasangan),,,deskriptif
Hepatitis,DT,utama,V4,average_precision,0.4071040020428325,,,,,deskriptif (tidak berpasangan),,,deskriptif
Hepatitis,DT,utama,V4,roc_auc,0.16325390476190482,,,,,deskriptif (tidak berpasangan),,,deskriptif
Hepatitis,DT,utama,V4b,accuracy,0.017419354838709666,-0.058729069926706845,0.09356777960412618,0.4597009615430518,0.6477640898115311,corrected resampled t-test (berpasangan),1.0,0.9526646752479634,tidak berbeda
Hepatitis,DT,utama,V4b,balanced_accuracy,0.06952857142857143,-0.05235108970169179,0.19140823255883466,1.1464004242917718,0.2571970579825328,corrected resampled t-test (berpasangan),1.0,0.6497609885874512,tidak berbeda
Hepatitis,DT,utama,V4b,recall,0.1595238095238095,-0.10095320653524154,0.42000082558286056,1.2307231623758539,0.22430167371676138,corrected resampled t-test (berpasangan),1.0,0.5204147421016706,tidak berbeda
Hepatitis,DT,utama,V4b,f1,0.09933384623632303,-0.08608918964271785,0.28475688211536393,1.0765589960100401,0.2869493326689526,corrected resampled t-test (berpasangan),1.0,0.7579483988206136,tidak berbeda
Hepatitis,DT,utama,V4b,average_precision,0.07011285440760155,-0.10856746185201381,0.2487931706672169,0.7885426821841185,0.43417793373569336,corrected resampled t-test (berpasangan),1.0,0.8015592622812802,tidak berbeda
Hepatitis,DT,utama,V4b,roc_auc,0.08011904761904763,-0.041843143598439506,0.20208123883653478,1.3201243131077374,0.19292740819451878,corrected resampled t-test (berpasangan),1.0,0.47402195242416617,tidak berbeda
Hepatitis,GB,utama,V1,accuracy,0.0012903225806451578,-0.03270848664045694,0.03528913180174726,0.07626738588707137,0.939516926374775,corrected resampled t-test (berpasangan),1.0,0.9803654883910696,tidak berbeda
Hepatitis,GB,utama,V1,balanced_accuracy,-0.0016333333333333289,-0.0415533327364042,0.038286666069737546,-0.08222210083700231,0.9348050554211627,corrected resampled t-test (berpasangan),1.0,0.9971253924492401,tidak berbeda
Hepatitis,GB,utama,V1,recall,-0.00666666666666667,-0.07425023058664888,0.06091689725331555,-0.19823115936576063,0.8436843602724828,corrected resampled t-test (berpasangan),1.0,0.9461611727988327,tidak berbeda
Hepatitis,GB,utama,V1,f1,-0.005480475664686194,-0.06983648881814618,0.05887553748877379,-0.17113285347108306,0.8648240520370378,corrected resampled t-test (berpasangan),1.0,0.9345085586504047,tidak berbeda
Hepatitis,GB,utama,V1,average_precision,-0.0029553727141000343,-0.052362664863404754,0.046451919435204686,-0.12020581490265224,0.9048116460298097,corrected resampled t-test (berpasangan),1.0,0.9586608274504322,tidak berbeda
Hepatitis,GB,utama,V1,roc_auc,-0.0014261904761904809,-0.02831689827335712,0.02546451732097616,-0.10658094544163482,0.9155566034116231,corrected resampled t-test (berpasangan),1.0,0.9995549423256764,tidak berbeda
Hepatitis,GB,utama,V2,accuracy,0.07227834101382469,,,,,deskriptif (tidak berpasangan),,,deskriptif
Hepatitis,GB,utama,V2,balanced_accuracy,0.14966904761904753,,,,,deskriptif (tidak berpasangan),,,deskriptif
Hepatitis,GB,utama,V2,recall,0.29053809523809504,,,,,deskriptif (tidak berpasangan),,,deskriptif
Hepatitis,GB,utama,V2,f1,0.32950270859278097,,,,,deskriptif (tidak berpasangan),,,deskriptif
Hepatitis,GB,utama,V2,average_precision,0.3348283425327854,,,,,deskriptif (tidak berpasangan),,,deskriptif
Hepatitis,GB,utama,V2,roc_auc,0.1324149523809527,,,,,deskriptif (tidak berpasangan),,,deskriptif
Hepatitis,GB,utama,V2b,accuracy,0.02516129032258063,-0.044998392909402954,0.09532097355456422,0.7206917644263355,0.47452355766610066,corrected resampled t-test (berpasangan),1.0,0.9526646752479634,tidak berbeda
Hepatitis,GB,utama,V2b,balanced_accuracy,0.05506904761904762,-0.045978018708904354,0.1561161139469996,1.095186612572961,0.2787889759873238,corrected resampled t-test (berpasangan),1.0,0.6690935423695771,tidak berbeda
Hepatitis,GB,utama,V2b,recall,0.10523809523809524,-0.07794877114011209,0.2884249616163026,1.1544707003102703,0.25390669468500926,corrected resampled t-test (berpasangan),1.0,0.5561765693100204,tidak berbeda
Hepatitis,GB,utama,V2b,f1,0.07801050067923132,-0.07165260232923326,0.2276736036876959,1.0474724033098555,0.3000212411998262,corrected resampled t-test (berpasangan),1.0,0.7579483988206136,tidak berbeda
Hepatitis,GB,utama,V2b,average_precision,0.0828343253086663,-0.0352834782641091,0.2009521288814417,1.4092863537151459,0.16506564737097865,corrected resampled t-test (berpasangan),1.0,0.4947872102843764,tidak berbeda
Hepatitis,GB,utama,V2b,roc_auc,0.05675952380952383,-0.02989376757204605,0.14341281519109372,1.3163093005521935,0.1941946344082228,corrected resampled t-test (berpasangan),1.0,0.47402195242416617,tidak berbeda
Hepatitis,GB,utama,V3,accuracy,0.008387096774193543,-0.043800464857627466,0.060574658406014545,0.32296013532095663,0.7480996095750841,corrected resampled t-test (berpasangan),1.0,0.9526646752479634,tidak berbeda
Hepatitis,GB,utama,V3,balanced_accuracy,0.01427142857142857,-0.05976075070539963,0.08830360784825678,0.38739247848808284,0.7001432937933179,corrected resampled t-test (berpasangan),1.0,0.9778279730672222,tidak berbeda
Hepatitis,GB,utama,V3,recall,0.023809523809523805,-0.1171002720186479,0.1647193196376955,0.3395578647416809,0.73564066071154,corrected resampled t-test (berpasangan),1.0,0.9461611727988327,tidak berbeda
Hepatitis,GB,utama,V3,f1,0.019392920804685514,-0.09303603534650012,0.13182187695587114,0.3466325287330845,0.7303516101413533,corrected resampled t-test (berpasangan),1.0,0.9345085586504047,tidak berbeda
Hepatitis,GB,utama,V3,average_precision,0.019628473176464514,-0.0833307424889445,0.12258768884187353,0.38311183055671855,0.7032939194311487,corrected resampled t-test (berpasangan),1.0,0.9586608274504322,tidak berbeda
Hepatitis,GB,utama,V3,roc_auc,0.015995238095238107,-0.058995668552765085,0.09098614474324129,0.42863376084818605,0.6700682650571383,corrected resampled t-test (berpasangan),1.0,0.9746447491740193,tidak berbeda
Hepatitis,GB,utama,V4,accuracy,0.08121711652402896,,,,,deskriptif (tidak berpasangan),,,deskriptif
Hepatitis,GB,utama,V4,balanced_accuracy,0.15868571428571443,,,,,deskriptif (tidak berpasangan),,,deskriptif
Hepatitis,GB,utama,V4,recall,0.3019380952380951,,,,,deskriptif (tidak berpasangan),,,deskriptif
Hepatitis,GB,utama,V4,f1,0.33867343320473886,,,,,deskriptif (tidak berpasangan),,,deskriptif
Hepatitis,GB,utama,V4,average_precision,0.3441628925830388,,,,,deskriptif (tidak berpasangan),,,deskriptif
Hepatitis,GB,utama,V4,roc_auc,0.14185095238095258,,,,,deskriptif (tidak berpasangan),,,deskriptif
Hepatitis,GB,utama,V4b,accuracy,0.03741935483870967,-0.019256223203105806,0.09409493288052515,1.3267973856209148,0.19072589935146475,corrected resampled t-test (berpasangan),1.0,0.9375397528475057,tidak berbeda
Hepatitis,GB,utama,V4b,balanced_accuracy,0.07136428571428573,-0.006327333004480781,0.14905590443305222,1.845912127504679,0.07095070931501044,corrected resampled t-test (berpasangan),1.0,0.45617267235963727,tidak berbeda
Hepatitis,GB,utama,V4b,recall,0.1280952380952381,-0.02291681437773649,0.2791072905682127,1.704612406206829,0.09460047961250259,corrected resampled t-test (berpasangan),1.0,0.48351356246390215,tidak berbeda
Hepatitis,GB,utama,V4b,f1,0.101525988459425,-0.017841756210698972,0.22089373312954896,1.7092063909636888,0.09373988101693956,corrected resampled t-test (berpasangan),1.0,0.7539414422039203,tidak berbeda
Hepatitis,GB,utama,V4b,average_precision,0.10485291194471623,-0.015928109361360243,0.2256339332507927,1.744560634027183,0.08733132724155741,corrected resampled t-test (berpasangan),1.0,0.3167444339893626,tidak berbeda
Hepatitis,GB,utama,V4b,roc_auc,0.06811666666666667,-0.015030595891649484,0.15126392922498283,1.6463027425982173,0.10610134786281426,corrected resampled t-test (berpasangan),1.0,0.3183040435884428,tidak berbeda
Hepatitis,KNN,utama,V1,accuracy,0.0012903225806451602,-0.017909532464469316,0.020490177625759637,0.13505311870708755,0.8931231330449656,corrected resampled t-test (berpasangan),1.0,0.9526646752479634,tidak berbeda
Hepatitis,KNN,utama,V1,balanced_accuracy,0.0018285714285714283,-0.024903676142319503,0.028560818999462362,0.13746138807097794,0.8912294106233525,corrected resampled t-test (berpasangan),1.0,0.9971253924492401,tidak berbeda
Hepatitis,KNN,utama,V1,recall,0.002857142857142856,-0.05115704629468861,0.056871332008974325,0.10629880069054669,0.9157792860332711,corrected resampled t-test (berpasangan),1.0,0.9461611727988327,tidak berbeda
Hepatitis,KNN,utama,V1,f1,0.0023122965785504503,-0.02733575382451351,0.03196034698161441,0.1567298313338304,0.8761017737347545,corrected resampled t-test (berpasangan),1.0,0.9345085586504047,tidak berbeda
Hepatitis,KNN,utama,V1,average_precision,-0.0021844608485297014,-0.03188443025128084,0.027515508554221437,-0.14780615974338127,0.8831022947302795,corrected resampled t-test (berpasangan),1.0,0.9586608274504322,tidak berbeda
Hepatitis,KNN,utama,V1,roc_auc,-2.3809523809492637e-06,-0.008536586313694503,0.008531824408932603,-0.0005606500824251682,0.9995549423256764,corrected resampled t-test (berpasangan),1.0,0.9995549423256764,tidak berbeda
Hepatitis,KNN,utama,V2,accuracy,0.07981171823568134,,,,,deskriptif (tidak berpasangan),,,deskriptif
Hepatitis,KNN,utama,V2,balanced_accuracy,0.06737380952380945,,,,,deskriptif (tidak berpasangan),,,deskriptif
Hepatitis,KNN,utama,V2,recall,0.11038095238095236,,,,,deskriptif (tidak berpasangan),,,deskriptif
Hepatitis,KNN,utama,V2,f1,0.2711778212223145,,,,,deskriptif (tidak berpasangan),,,deskriptif
Hepatitis,KNN,utama,V2,average_precision,0.2604515396242528,,,,,deskriptif (tidak berpasangan),,,deskriptif
Hepatitis,KNN,utama,V2,roc_auc,0.0632760952380953,,,,,deskriptif (tidak berpasangan),,,deskriptif
Hepatitis,KNN,utama,V2b,accuracy,0.010322580645161292,-0.06311062958771893,0.08375579087804153,0.2824880235352356,0.7787591826626479,corrected resampled t-test (berpasangan),1.0,0.9526646752479634,tidak berbeda
Hepatitis,KNN,utama,V2b,balanced_accuracy,0.03661428571428571,-0.03896152292751909,0.11219009435609051,0.973580873592403,0.33504657551955064,corrected resampled t-test (berpasangan),1.0,0.6779799038936827,tidak berbeda
Hepatitis,KNN,utama,V2b,recall,0.08142857142857142,-0.04654087127388422,0.20939801413102704,1.2787180835284877,0.2070196310572111,corrected resampled t-test (berpasangan),1.0,0.5204147421016706,tidak berbeda
Hepatitis,KNN,utama,V2b,f1,0.03984412967717584,-0.05416830021783455,0.13385655957218623,0.8516935082780868,0.3985276470619119,corrected resampled t-test (berpasangan),1.0,0.8317098721292074,tidak berbeda
Hepatitis,KNN,utama,V2b,average_precision,0.06286407958940808,-0.0832542985716342,0.20898245775045038,0.8645736359227867,0.39148576576269234,corrected resampled t-test (berpasangan),1.0,0.7829715315253848,tidak berbeda
Hepatitis,KNN,utama,V2b,roc_auc,0.06025714285714285,0.0032137843095302807,0.11730050140475543,2.122793346498365,0.03884823231937604,corrected resampled t-test (berpasangan),1.0,0.15539292927750417,tidak berbeda
Hepatitis,KNN,utama,V3,accuracy,0.0038709677419354804,-0.03618159945227179,0.043923534936142754,0.19421978296625186,0.8468067646018216,corrected resampled t-test (berpasangan),1.0,0.9526646752479634,tidak berbeda
Hepatitis,KNN,utama,V3,balanced_accuracy,0.004285714285714284,-0.055322166717864184,0.06389359528929275,0.14448534565674293,0.8857098721568564,corrected resampled t-test (berpasangan),1.0,0.9971253924492401,tidak berbeda
Hepatitis,KNN,utama,V3,recall,0.00523809523809524,-0.12016229818873636,0.13063848866492683,0.08394189347192074,0.933444641425232,corrected resampled t-test (berpasangan),1.0,0.9461611727988327,tidak berbeda
Hepatitis,KNN,utama,V3,f1,0.005668277611621264,-0.05980299233881785,0.07113954756206038,0.17398211947234937,0.8625963272773967,corrected resampled t-test (berpasangan),1.0,0.9345085586504047,tidak berbeda
Hepatitis,KNN,utama,V3,average_precision,0.004919685736209965,-0.11810520486227807,0.127944576334698,0.08036161275057342,0.9362769851664836,corrected resampled t-test (berpasangan),1.0,0.9586608274504322,tidak berbeda
Hepatitis,KNN,utama,V3,roc_auc,0.011130952380952373,-0.031855180454129134,0.05411708521603388,0.52036516815454,0.6051524569425533,corrected resampled t-test (berpasangan),1.0,0.9077286854138299,tidak berbeda
Hepatitis,KNN,utama,V4,accuracy,0.07042396313364052,,,,,deskriptif (tidak berpasangan),,,deskriptif
Hepatitis,KNN,utama,V4,balanced_accuracy,0.058090476190476026,,,,,deskriptif (tidak berpasangan),,,deskriptif
Hepatitis,KNN,utama,V4,recall,0.10971428571428554,,,,,deskriptif (tidak berpasangan),,,deskriptif
Hepatitis,KNN,utama,V4,f1,0.2632088064065684,,,,,deskriptif (tidak berpasangan),,,deskriptif
Hepatitis,KNN,utama,V4,average_precision,0.2795961160758703,,,,,deskriptif (tidak berpasangan),,,deskriptif
Hepatitis,KNN,utama,V4,roc_auc,0.07358009523809517,,,,,deskriptif (tidak berpasangan),,,deskriptif
Hepatitis,KNN,utama,V4b,accuracy,0.007096774193548379,-0.04164011053523658,0.055833658922333336,0.2926223484221557,0.7710464006254096,corrected resampled t-test (berpasangan),1.0,0.9526646752479634,tidak berbeda
Hepatitis,KNN,utama,V4b,balanced_accuracy,0.041128571428571424,-0.022025755150081365,0.1042828980072242,1.3087141143028986,0.19673624697697978,corrected resampled t-test (berpasangan),1.0,0.5902087409309393,tidak berbeda
Hepatitis,KNN,utama,V4b,recall,0.09952380952380953,-0.02840619668633,0.22745381573394907,1.563359439946757,0.12440415866522664,corrected resampled t-test (berpasangan),1.0,0.5202355726000387,tidak berbeda
Hepatitis,KNN,utama,V4b,f1,0.04044863362957319,-0.03249322677210419,0.11339049403125057,1.1143748180166846,0.270554651259043,corrected resampled t-test (berpasangan),1.0,0.7579483988206136,tidak berbeda
Hepatitis,KNN,utama,V4b,average_precision,0.12166888575011882,-0.013912101783223732,0.2572498732834614,1.8033706942222028,0.07748027443434681,corrected resampled t-test (berpasangan),1.0,0.3167444339893626,tidak berbeda
Hepatitis,KNN,utama,V4b,roc_auc,0.07276904761904762,0.016445995802041702,0.12909209943605354,2.596359238624398,0.012401573391704343,corrected resampled t-test (berpasangan),0.5208660824515824,0.08503936040025836,tidak berbeda
Hepatitis,NB,utama,V1,accuracy,0.0025806451612903204,-0.0066503883486473195,0.011811678671227961,0.5618006477335896,0.5768126908825982,corrected resampled t-test (berpasangan),1.0,0.9526646752479634,tidak berbeda
Hepatitis,NB,utama,V1,balanced_accuracy,0.0016166666666666662,-0.004167193194306422,0.007400526527639755,0.5617033216311307,0.5768784953482688,corrected resampled t-test (berpasangan),1.0,0.9230055925572301,tidak berbeda
Hepatitis,NB,utama,V1,recall,0.0,0.0,0.0,,,corrected resampled t-test (berpasangan),,,tidak berbeda
Hepatitis,NB,utama,V1,f1,0.0031110751993104913,-0.008263104837881613,0.014485255236502596,0.5496606922630822,0.5850488135600329,corrected resampled t-test (berpasangan),1.0,0.9058820338994058,tidak berbeda
Hepatitis,NB,utama,V1,average_precision,0.00011649217793293421,-0.005172534094252714,0.005405518450118582,0.04426141670288869,0.9648759115401205,corrected resampled t-test (berpasangan),1.0,0.9648759115401205,tidak berbeda
Hepatitis,NB,utama,V1,roc_auc,0.0005190476190476234,-0.004953067342667563,0.005991162580762809,0.19061464316015647,0.849615078093982,corrected resampled t-test (berpasangan),1.0,0.9749038179461723,tidak berbeda
Hepatitis,NB,utama,V2,accuracy,-0.021929690585911654,,,,,deskriptif (tidak berpasangan),,,deskriptif
Hepatitis,NB,utama,V2,balanced_accuracy,0.004685714285714182,,,,,deskriptif (tidak berpasangan),,,deskriptif
Hepatitis,NB,utama,V2,recall,0.03940476190476205,,,,,deskriptif (tidak berpasangan),,,deskriptif
Hepatitis,NB,utama,V2,f1,0.15648345723388923,,,,,deskriptif (tidak berpasangan),,,deskriptif
Hepatitis,NB,utama,V2,average_precision,0.1464526721933339,,,,,deskriptif (tidak berpasangan),,,deskriptif
Hepatitis,NB,utama,V2,roc_auc,0.019501142857143106,,,,,deskriptif (tidak berpasangan),,,deskriptif
Hepatitis,NB,utama,V2b,accuracy,-0.03032258064516129,-0.08577980843166627,0.025134647141343686,-1.0987838653764452,0.27723202751547166,corrected resampled t-test (berpasangan),1.0,0.9375397528475057,tidak berbeda
Hepatitis,NB,utama,V2b,balanced_accuracy,0.0008476190476190504,-0.061038110477215385,0.06273334857245348,0.0275241846457191,0.9781534462202626,corrected resampled t-test (berpasangan),1.0,1.0,tidak berbeda
Hepatitis,NB,utama,V2b,recall,0.05476190476190476,-0.050987563327086996,0.1605113728508965,1.040649845258524,0.3031457675626714,corrected resampled t-test (berpasangan),1.0,0.5810293878284535,tidak berbeda
Hepatitis,NB,utama,V2b,f1,-0.019977330546989993,-0.10812607243185973,0.06817141133787974,-0.45543416570675627,0.6508087114409591,corrected resampled t-test (berpasangan),1.0,0.9345085586504047,tidak berbeda
Hepatitis,NB,utama,V2b,average_precision,0.015335177156337955,-0.02810375654052743,0.05877411085320334,0.7094371248828609,0.4814155525042173,corrected resampled t-test (berpasangan),1.0,0.8558498711186086,tidak berbeda
Hepatitis,NB,utama,V2b,roc_auc,0.01309047619047619,-0.013767520201606858,0.039948472582559236,0.9794586452400419,0.3321647258307475,corrected resampled t-test (berpasangan),1.0,0.6132271861490723,tidak berbeda
Hepatitis,NB,utama,V3,accuracy,0.017419354838709683,-0.024646520924590215,0.05948523060200958,0.832159165819414,0.40935650667878876,corrected resampled t-test (berpasangan),1.0,0.9526646752479634,tidak berbeda
Hepatitis,NB,utama,V3,balanced_accuracy,0.013245238095238105,-0.04315629441663246,0.06964677060710868,0.47192516347851887,0.6390750779480012,corrected resampled t-test (berpasangan),1.0,0.9778279730672222,tidak berbeda
Hepatitis,NB,utama,V3,recall,0.006190476190476199,-0.08707990371309667,0.09946085609404907,0.13337811698566407,0.8944406277663385,corrected resampled t-test (berpasangan),1.0,0.9461611727988327,tidak berbeda
Hepatitis,NB,utama,V3,f1,0.02460281222045928,-0.05623071410329268,0.10543633854421124,0.6116422774753515,0.5436020259270669,corrected resampled t-test (berpasangan),1.0,0.8997550773965245,tidak berbeda
Hepatitis,NB,utama,V3,average_precision,0.00954890509528855,-0.028793354056943055,0.04789116424752016,0.5004724192122318,0.6189830098166302,corrected resampled t-test (berpasangan),1.0,0.9586608274504322,tidak berbeda
Hepatitis,NB,utama,V3,roc_auc,0.00922619047619047,-0.021902715178716788,0.04035509613109773,0.5956111690906728,0.55417624141277,corrected resampled t-test (berpasangan),1.0,0.886681986260432,tidak berbeda
Hepatitis,NB,utama,V4,accuracy,-0.028427649769585117,,,,,deskriptif (tidak berpasangan),,,deskriptif
Hepatitis,NB,utama,V4,balanced_accuracy,-0.001847619047619098,,,,,deskriptif (tidak berpasangan),,,deskriptif
Hepatitis,NB,utama,V4,recall,0.03613809523809541,,,,,deskriptif (tidak berpasangan),,,deskriptif
Hepatitis,NB,utama,V4,f1,0.15061379940480613,,,,,deskriptif (tidak berpasangan),,,deskriptif
Hepatitis,NB,utama,V4,average_precision,0.1549499548621901,,,,,deskriptif (tidak berpasangan),,,deskriptif
Hepatitis,NB,utama,V4,roc_auc,0.02400314285714311,,,,,deskriptif (tidak berpasangan),,,deskriptif
Hepatitis,NB,utama,V4b,accuracy,-0.03612903225806452,-0.08824111092633605,0.015983046410207015,-1.39322802558005,0.16983924235624165,corrected resampled t-test (berpasangan),1.0,0.9375397528475057,tidak berbeda
Hepatitis,NB,utama,V4b,balanced_accuracy,-0.008149999999999998,-0.06895651963882088,0.05265651963882089,-0.26934674535509456,0.7887938577492589,corrected resampled t-test (berpasangan),1.0,0.9971253924492401,tidak berbeda
Hepatitis,NB,utama,V4b,recall,0.04,-0.06742884053078949,0.14742884053078947,0.748244223640581,0.4578893258698563,corrected resampled t-test (berpasangan),1.0,0.7522467496433354,tidak berbeda
Hepatitis,NB,utama,V4b,f1,-0.03165267085855321,-0.11637143185914159,0.05306609014203517,-0.7508186228354431,0.45635249499126773,corrected resampled t-test (berpasangan),1.0,0.8513867859484497,tidak berbeda
Hepatitis,NB,utama,V4b,average_precision,0.029707551457718338,-0.024835733166017556,0.08425083608145423,1.0945354702889452,0.2790714549389671,corrected resampled t-test (berpasangan),1.0,0.710226872155022,tidak berbeda
Hepatitis,NB,utama,V4b,roc_auc,0.016621428571428586,-0.010197508011635843,0.04344036515449301,1.2454636713696872,0.2188842737702957,corrected resampled t-test (berpasangan),1.0,0.47415245827089836,tidak berbeda
Hepatitis,RF,utama,V1,accuracy,0.0032258064516129093,-0.015097777373885771,0.02154939027711159,0.35377908700348865,0.725022199758074,corrected resampled t-test (berpasangan),1.0,0.9526646752479634,tidak berbeda
Hepatitis,RF,utama,V1,balanced_accuracy,0.0068119047619047655,-0.03018854040763502,0.04381234993144455,0.3699694705428106,0.7129995636948496,corrected resampled t-test (berpasangan),1.0,0.9778279730672222,tidak berbeda
Hepatitis,RF,utama,V1,recall,0.012857142857142855,-0.061340676904603667,0.08705496261888938,0.3482231143040251,0.7291642884537455,corrected resampled t-test (berpasangan),1.0,0.9461611727988327,tidak berbeda
Hepatitis,RF,utama,V1,f1,0.010484280425456896,-0.04457027454307581,0.0655388353939896,0.3826922278543611,0.7036030376890594,corrected resampled t-test (berpasangan),1.0,0.9345085586504047,tidak berbeda
Hepatitis,RF,utama,V1,average_precision,0.0019254916096834984,-0.01779782186390558,0.02164880508327258,0.19618510136332568,0.8452766726827811,corrected resampled t-test (berpasangan),1.0,0.9586608274504322,tidak berbeda
Hepatitis,RF,utama,V1,roc_auc,0.00042857142857142925,-0.009947439185064714,0.010804582042207573,0.08300362838246868,0.934186816189382,corrected resampled t-test (berpasangan),1.0,0.9995549423256764,tidak berbeda
Hepatitis,RF,utama,V2,accuracy,0.07422514812376557,,,,,deskriptif (tidak berpasangan),,,deskriptif
Hepatitis,RF,utama,V2,balanced_accuracy,0.15374285714285696,,,,,deskriptif (tidak berpasangan),,,deskriptif
Hepatitis,RF,utama,V2,recall,0.3009857142857143,,,,,deskriptif (tidak berpasangan),,,deskriptif
Hepatitis,RF,utama,V2,f1,0.32760361123458626,,,,,deskriptif (tidak berpasangan),,,deskriptif
Hepatitis,RF,utama,V2,average_precision,0.32262615730863997,,,,,deskriptif (tidak berpasangan),,,deskriptif
Hepatitis,RF,utama,V2,roc_auc,0.10008914285714299,,,,,deskriptif (tidak berpasangan),,,deskriptif
Hepatitis,RF,utama,V2b,accuracy,0.02258064516129032,-0.03445739311536644,0.07961868343794708,0.7955656727676886,0.430121717389802,corrected resampled t-test (berpasangan),1.0,0.9526646752479634,tidak berbeda
Hepatitis,RF,utama,V2b,balanced_accuracy,0.06150238095238096,-0.04613715489657555,0.16914191680133747,1.1482180840825669,0.25645332403389354,corrected resampled t-test (berpasangan),1.0,0.6497609885874512,tidak berbeda
Hepatitis,RF,utama,V2b,recall,0.1285714285714286,-0.08227039874593106,0.33941325588878823,1.2254397621546698,0.22626727917463937,corrected resampled t-test (berpasangan),1.0,0.5204147421016706,tidak berbeda
Hepatitis,RF,utama,V2b,f1,0.08242883913472147,-0.07192530449462485,0.23678298276406778,1.0731616906288082,0.28845536704583047,corrected resampled t-test (berpasangan),1.0,0.7579483988206136,tidak berbeda
Hepatitis,RF,utama,V2b,average_precision,0.07616912797354812,-0.023714043585695635,0.1760522995327919,1.5324662885528466,0.13183901059007963,corrected resampled t-test (berpasangan),1.0,0.4218848338882548,tidak berbeda
Hepatitis,RF,utama,V2b,roc_auc,0.03635714285714287,-0.005200085338412978,0.07791437105269872,1.7581156649498073,0.08497285371668925,corrected resampled t-test (berpasangan),1.0,0.27191313189340555,tidak berbeda
Hepatitis,RF,utama,V3,accuracy,0.008387096774193548,-0.027500296210130934,0.044274489758518026,0.4696496614854606,0.6406886984684814,corrected resampled t-test (berpasangan),1.0,0.9526646752479634,tidak berbeda
Hepatitis,RF,utama,V3,balanced_accuracy,0.01761190476190476,-0.0406342561257461,0.07585806564955562,0.6076357154246392,0.5462350507168009,corrected resampled t-test (berpasangan),1.0,0.9041131873933257,tidak berbeda
Hepatitis,RF,utama,V3,recall,0.032857142857142856,-0.08034083021598584,0.14605511593027154,0.583304619060025,0.5623635425247544,corrected resampled t-test (berpasangan),1.0,0.8723968518932773,tidak berbeda
Hepatitis,RF,utama,V3,f1,0.02830638968874264,-0.06450930516613748,0.12112208454362278,0.6128685432483948,0.5427974541102198,corrected resampled t-test (berpasangan),1.0,0.8997550773965245,tidak berbeda
Hepatitis,RF,utama,V3,average_precision,0.03224149467634138,-0.03173143240832833,0.0962144217610111,1.012798885046137,0.316131392723017,corrected resampled t-test (berpasangan),1.0,0.710226872155022,tidak berbeda
Hepatitis,RF,utama,V3,roc_auc,0.018171428571428574,-0.011688224050058704,0.04803108119291585,1.2229496871693217,0.22719805292147213,corrected resampled t-test (berpasangan),1.0,0.47415245827089836,tidak berbeda
Hepatitis,RF,utama,V4,accuracy,0.08020065832784706,,,,,deskriptif (tidak berpasangan),,,deskriptif
Hepatitis,RF,utama,V4,balanced_accuracy,0.1597261904761904,,,,,deskriptif (tidak berpasangan),,,deskriptif
Hepatitis,RF,utama,V4,recall,0.29681904761904765,,,,,deskriptif (tidak berpasangan),,,deskriptif
Hepatitis,RF,utama,V4,f1,0.33203737300651337,,,,,deskriptif (tidak berpasangan),,,deskriptif
Hepatitis,RF,utama,V4,average_precision,0.330692662548419,,,,,deskriptif (tidak berpasangan),,,deskriptif
Hepatitis,RF,utama,V4,roc_auc,0.10902047619047617,,,,,deskriptif (tidak berpasangan),,,deskriptif
Hepatitis,RF,utama,V4b,accuracy,0.04387096774193548,-0.008736416765006735,0.0964783522488777,1.6758485736091748,0.10013832329917687,corrected resampled t-test (berpasangan),1.0,0.9375397528475057,tidak berbeda
Hepatitis,RF,utama,V4b,balanced_accuracy,0.07207142857142858,-0.020477089986500913,0.16461994712935807,1.564940857273092,0.12403282590470009,corrected resampled t-test (berpasangan),1.0,0.5902087409309393,tidak berbeda
Hepatitis,RF,utama,V4b,recall,0.12047619047619047,-0.06600843257052873,0.30696081352290966,1.2982623702218241,0.20027470734940403,corrected resampled t-test (berpasangan),1.0,0.5204147421016706,tidak berbeda
Hepatitis,RF,utama,V4b,f1,0.11152100840336132,-0.024375527001017472,0.24741754380774011,1.6491211931620493,0.10552027128686109,corrected resampled t-test (berpasangan),1.0,0.7539414422039203,tidak berbeda
Hepatitis,RF,utama,V4b,average_precision,0.08930916647861502,-0.007669317869521214,0.18628765082675125,1.850652651200645,0.07025275632907368,corrected resampled t-test (berpasangan),1.0,0.3167444339893626,tidak berbeda
Hepatitis,RF,utama,V4b,roc_auc,0.04235714285714288,0.003653309153671791,0.08106097656061396,2.199261859731533,0.032608609446509715,corrected resampled t-test (berpasangan),1.0,0.14229211394840602,tidak berbeda
Hepatitis,XGB,utama,V1,accuracy,-0.0032258064516129093,-0.03875003613284273,0.03229842322961691,-0.1824811069680145,0.8559580739064019,corrected resampled t-test (berpasangan),1.0,0.9526646752479634,tidak berbeda
Hepatitis,XGB,utama,V1,balanced_accuracy,-0.008664285714285722,-0.05531295999788947,0.037984388569318024,-0.37324820615721344,0.7105736509286505,corrected resampled t-test (berpasangan),1.0,0.9778279730672222,tidak berbeda
Hepatitis,XGB,utama,V1,recall,-0.018095238095238095,-0.11051644646858144,0.07432597027810525,-0.39345668573691145,0.6956890420173026,corrected resampled t-test (berpasangan),1.0,0.9461611727988327,tidak berbeda
Hepatitis,XGB,utama,V1,f1,-0.01596927908692614,-0.09335995475927245,0.061421396585420174,-0.4146684014182903,0.6801945585476705,corrected resampled t-test (berpasangan),1.0,0.9345085586504047,tidak berbeda
Hepatitis,XGB,utama,V1,average_precision,-0.005242759586237038,-0.06200170382238422,0.051516184649910146,-0.18562219517418582,0.8535073127273224,corrected resampled t-test (berpasangan),1.0,0.9586608274504322,tidak berbeda
Hepatitis,XGB,utama,V1,roc_auc,-0.000264285714285708,-0.03837982136852054,0.03785124993994912,-0.01393400399972712,0.9889392132880168,corrected resampled t-test (berpasangan),1.0,0.9995549423256764,tidak berbeda
Hepatitis,XGB,utama,V2,accuracy,0.07669229756418683,,,,,deskriptif (tidak berpasangan),,,deskriptif
Hepatitis,XGB,utama,V2,balanced_accuracy,0.1613904761904762,,,,,deskriptif (tidak berpasangan),,,deskriptif
Hepatitis,XGB,utama,V2,recall,0.31808095238095235,,,,,deskriptif (tidak berpasangan),,,deskriptif
Hepatitis,XGB,utama,V2,f1,0.3384018808047168,,,,,deskriptif (tidak berpasangan),,,deskriptif
Hepatitis,XGB,utama,V2,average_precision,0.35527391029360544,,,,,deskriptif (tidak berpasangan),,,deskriptif
Hepatitis,XGB,utama,V2,roc_auc,0.13925599999999982,,,,,deskriptif (tidak berpasangan),,,deskriptif
Hepatitis,XGB,utama,V2b,accuracy,0.01741935483870967,-0.04276346865938461,0.07760217833680394,0.5816527382727263,0.563467073674898,corrected resampled t-test (berpasangan),1.0,0.9526646752479634,tidak berbeda
Hepatitis,XGB,utama,V2b,balanced_accuracy,0.04994761904761906,-0.04826900627655224,0.14816424437179038,1.0219603649433742,0.31181887125016794,corrected resampled t-test (berpasangan),1.0,0.6779799038936827,tidak berbeda
Hepatitis,XGB,utama,V2b,recall,0.10476190476190476,-0.09388060505008257,0.3034044145738921,1.059828178403012,0.2944191780163092,corrected resampled t-test (berpasangan),1.0,0.5810293878284535,tidak berbeda
Hepatitis,XGB,utama,V2b,f1,0.06726672295712544,-0.07467265487220692,0.2092061007864578,0.9523610898338811,0.3455883139330793,corrected resampled t-test (berpasangan),1.0,0.7951736583184744,tidak berbeda
Hepatitis,XGB,utama,V2b,average_precision,0.05917389391160576,-0.06056181584133089,0.17890960366454242,0.9931405758434417,0.32552064973771844,corrected resampled t-test (berpasangan),1.0,0.710226872155022,tidak berbeda
Hepatitis,XGB,utama,V2b,roc_auc,0.04638095238095239,-0.013955352318843588,0.10671725708074836,1.5447749695731763,0.12883527355485783,corrected resampled t-test (berpasangan),1.0,0.3637701841548927,tidak berbeda
Hepatitis,XGB,utama,V3,accuracy,0.004516129032258054,-0.04408754256448026,0.053119800628996364,0.18672459838594868,0.8526475323080563,corrected resampled t-test (berpasangan),1.0,0.9526646752479634,tidak berbeda
Hepatitis,XGB,utama,V3,balanced_accuracy,0.0009809523809523857,-0.07499469619842139,0.07695660096032617,0.02594644004803291,0.9794054415378655,corrected resampled t-test (berpasangan),1.0,1.0,tidak berbeda
Hepatitis,XGB,utama,V3,recall,-0.0052380952380952465,-0.16032186101797047,0.14984567054178,-0.06787523125607539,0.9461611727988326,corrected resampled t-test (berpasangan),1.0,0.9461611727988327,tidak berbeda
Hepatitis,XGB,utama,V3,f1,0.0022815284131073575,-0.11445625788937137,0.11901931471558609,0.039275226479660065,0.9688305451564584,corrected resampled t-test (berpasangan),1.0,0.9714054529694702,tidak berbeda
Hepatitis,XGB,utama,V3,average_precision,0.011197364936899646,-0.09171318666645062,0.1141079165402499,0.21865539459414185,0.8278266723802534,corrected resampled t-test (berpasangan),1.0,0.9586608274504322,tidak berbeda
Hepatitis,XGB,utama,V3,roc_auc,0.019428571428571444,-0.042941795242091976,0.08179893809923486,0.6259892007773972,0.5342272485924947,corrected resampled t-test (berpasangan),1.0,0.8842382045668878,tidak berbeda
Hepatitis,XGB,utama,V4,accuracy,0.07747597103357473,,,,,deskriptif (tidak berpasangan),,,deskriptif
Hepatitis,XGB,utama,V4,balanced_accuracy,0.16210714285714312,,,,,deskriptif (tidak berpasangan),,,deskriptif
Hepatitis,XGB,utama,V4,recall,0.3229142857142857,,,,,deskriptif (tidak berpasangan),,,deskriptif
Hepatitis,XGB,utama,V4,f1,0.33994243230730326,,,,,deskriptif (tidak berpasangan),,,deskriptif
Hepatitis,XGB,utama,V4,average_precision,0.3660086580750126,,,,,deskriptif (tidak berpasangan),,,deskriptif
Hepatitis,XGB,utama,V4,roc_auc,0.14910199999999973,,,,,deskriptif (tidak berpasangan),,,deskriptif
Hepatitis,XGB,utama,V4b,accuracy,0.03161290322580644,-0.020432481914005533,0.08365828836561842,1.2206367047188722,0.22806514866289,corrected resampled t-test (berpasangan),1.0,0.9375397528475057,tidak berbeda
Hepatitis,XGB,utama,V4b,balanced_accuracy,0.06195000000000002,-0.022019530627803388,0.14591953062780344,1.4825995196808353,0.14458429827643193,corrected resampled t-test (berpasangan),1.0,0.5902087409309393,tidak berbeda
Hepatitis,XGB,utama,V4b,recall,0.11333333333333336,-0.05939572759810595,0.28606239426477265,1.3185497488414977,0.19344966745812153,corrected resampled t-test (berpasangan),1.0,0.5204147421016706,tidak berbeda
Hepatitis,XGB,utama,V4b,f1,0.09038136974824282,-0.032772795422471454,0.2135355349189571,1.474803243995126,0.14666216078320254,corrected resampled t-test (berpasangan),1.0,0.7539414422039203,tidak berbeda
Hepatitis,XGB,utama,V4b,average_precision,0.10625239321783629,-0.01481876591792261,0.2273235523535952,1.7636089349433532,0.08403230165095597,corrected resampled t-test (berpasangan),1.0,0.3167444339893626,tidak berbeda
Hepatitis,XGB,utama,V4b,roc_auc,0.07075952380952381,0.010419331043342507,0.13109971657570513,2.3565815774384644,0.022486128102026284,corrected resampled t-test (berpasangan),0.9219312521830777,0.12986300304956985,tidak berbeda
